{"td error": [0.015013989061117172], "average policy value": [0.28276610374450684], "epsiode length": [30], "total reward": [-9.615169781120203]}