{"epsiode length": [91, 203, 21, 27, 34, 28, 23, 31, 40, 25, 314, 52, 41, 143, 54, 31, 40, 168, 416, 29, 28, 225, 28, 33, 53, 21, 514, 40, 560, 337, 21, 21, 23, 21, 21, 878, 165, 21, 127, 24, 22, 90, 32, 23, 52, 30, 46, 21, 34, 27, 21, 40, 34, 30, 21, 64, 21, 24, 49, 122, 51, 24, 25, 71, 21, 34, 33, 74, 58, 107, 21, 21, 21, 21, 21, 46, 39, 21, 51, 49, 47, 30, 47, 26, 28, 32, 32, 79, 27, 30, 21, 26, 72, 999, 35, 190, 43, 102, 28, 62, 24], "total reward": [2.7716034492186017, -1243.3405637810927, -15.419135733452077, -13.595444174729872, -8.558147949280045, -8.347078480732259, -15.252845675303725, -13.429603416489545, -22.045744492270543, -9.554986780425864, -1906.9002007637278, -32.23722463977123, 2.349126536543505, -16.279986855699093, 8.329854697772, -3.836669112651414, -4.372130787668656, -222.61751829790853, -2704.4288240158803, -16.009697861950098, -8.725614805429878, -1190.2046632925376, -10.276632129486305, -12.15840724676246, -42.869133660580864, -11.707493455348123, -4254.855564817013, -7.064369096739398, -4322.012994451041, -2616.395157846027, -12.879243566038078, -15.604023792858847, -13.31997117904318, -16.752373787748848, -16.281260409116776, -8331.940980502399, -489.5537985317481, -16.305047342993227, -164.36779140052286, -15.895002769772933, -16.455410956478023, -44.556064527785814, -10.440224273510449, -15.423706645357832, -28.943459757078156, -10.261038192307124, 0.44804542505765976, -12.566383152470536, -1.3193574910876373, -11.725663665904118, -11.235624055666246, 1.4103048857515237, -9.47885457207277, -2.6376548720159843, -11.2188245442402, -199.04365428695297, -13.727457541367894, -4.339464111685226, -11.773086995147871, -835.0404826551725, -24.509520465036218, -13.71169981090766, -12.808243438373813, -35.204651132210614, -13.264142793607927, -0.7266493705883974, -16.9537689768024, -20.161937283216552, -21.52594196502533, -31.378039819884798, -13.269845289202273, -12.58422189465417, -14.307605586239376, -13.646689713242882, -12.085386566013064, 8.002993488381001, -33.05802679501771, -17.00591587178979, -9.612493908172517, 5.60202552087406, -2.168605936465263, -1.7840594733799957, -3.765094338344542, -14.391826464176411, -3.7288619340279494, -13.06057207630246, -13.67460171519527, -16.58628253615356, -9.784798283094965, -5.4564253291532765, -15.644529760057043, -4.517382544331467, -42.14862778053266, -10444.788543295452, -0.22938028517804376, -537.5271388100296, 9.45917771795219, -6.3816097642188625, -11.009194213155766, -20.194906963759404, -6.1232808071310405], "td error": [0.011733701452612877, 0.0014572003856301308, 0.0016548121348023415, 0.002020568586885929, 0.00053652364294976, 0.0005489563336595893, 0.0001709654607111588, 0.000747449928894639, 0.0007972662569954991, 0.0008732013520784676, 0.0013555936748161912, 0.0016279270639643073, 0.0014743388164788485, 0.0028590101283043623, 0.0011777539039030671, 0.00011409558646846563, 0.00015524098125752062, 8.486180013278499e-05, 0.001235196366906166, 6.289321754593402e-05, 0.00289148953743279, 8.489972969982773e-05, 0.002646062523126602, 0.002750969957560301, 0.001368956291116774, 0.000524217844940722, 0.0004824540519621223, 0.0005068068858236074, 0.00012139851605752483, 6.764313002349809e-05, 0.00023836464970372617, 0.0009583838400430977, 0.0045686401426792145, 0.001339723588898778, 0.002076159231364727, 9.574628347763792e-05, 0.00012869606143794954, 0.0031034592539072037, 0.00139620469417423, 0.0036202494520694017, 4.6546301746275276e-05, 0.0002735146845225245, 0.003474574536085129, 0.0004640716651920229, 0.00043607750558294356, 0.0018128080992028117, 0.0037529326509684324, 0.0007737920968793333, 0.0002585902693681419, 0.00023146136663854122, 0.0012185964733362198, 0.0005468716844916344, 0.00019492037245072424, 0.002151323016732931, 0.00041636190144345164, 0.001488487352617085, 0.004072300624102354, 0.0006336512160487473, 0.002372485352680087, 0.0008851779857650399, 0.0014210136141628027, 0.0086354436352849, 0.0034063844941556454, 0.000903082313016057, 0.0012416231911629438, 0.0015731097664684057, 0.010708421468734741, 0.003263148944824934, 0.0018983721965923905, 0.001976171974092722, 7.194613863248378e-05, 0.00021836465748492628, 0.0008273596176877618, 0.005593101028352976, 0.0062679690308868885, 0.0009288046858273447, 0.004732704255729914, 0.006393290590494871, 0.0041680182330310345, 3.928965452359989e-05, 0.0007367703947238624, 0.00041258864803239703, 0.0042589460499584675, 0.0034292517229914665, 0.0011721543269231915, 0.005319167394191027, 0.008678888902068138, 0.0010962891392409801, 0.0007765553891658783, 0.0034549629781395197, 0.005574162118136883], "average policy value": [-0.23699261248111725, -0.7060251832008362, -0.6922213435173035, -0.7246077060699463, -0.7237828373908997, -0.7204238772392273, -0.755510687828064, -0.7419207692146301, -0.7054557800292969, -0.7502309679985046, -0.701988935470581, -0.7291249632835388, -0.729574978351593, -0.7112263441085815, -0.7541542649269104, -0.7706716656684875, -0.827536940574646, -0.7786850333213806, -0.8112646341323853, -0.8632866144180298, -0.8044381141662598, -0.8308663964271545, -0.8460514545440674, -0.8607767224311829, -0.9018411636352539, -0.9168063402175903, -0.9307732582092285, -0.9636199474334717, -1.043707251548767, -1.01646089553833, -1.0372843742370605, -0.9782349467277527, -1.003553032875061, -1.0825556516647339, -1.0404490232467651, -1.1277207136154175, -1.1595412492752075, -1.1536719799041748, -1.1466197967529297, -1.1652568578720093, -1.1997334957122803, -1.1956303119659424, -1.199904203414917, -1.1784495115280151, -1.220207691192627, -1.1927787065505981, -1.1573224067687988, -1.1993850469589233, -1.2306358814239502, -1.2794837951660156, -1.2410660982131958, -1.1673557758331299, -1.2235369682312012, -1.2202563285827637, -1.1988704204559326, -1.1682274341583252, -1.2578717470169067, -1.1494418382644653, -1.25409734249115, -1.252337098121643, -1.2013541460037231, -1.1871548891067505, -1.1794174909591675, -1.1898504495620728, -1.2367371320724487, -1.2493438720703125, -1.1860822439193726, -1.1143461465835571, -1.2201330661773682, -1.1998218297958374, -1.2730947732925415, -1.2658908367156982, -1.157603144645691, -1.1423311233520508, -1.2450966835021973, -1.215694785118103, -1.2005637884140015, -1.1617566347122192, -1.3243904113769531, -1.3346357345581055, -1.230194091796875, -1.3302087783813477, -1.303699254989624, -1.2637003660202026, -1.257705807685852, -1.3474305868148804, -1.2442418336868286, -1.2970387935638428, -1.3233871459960938, -1.3573336601257324, -1.3357999324798584]}